sample,length
abust,5
achoory,7
acrows,6
actice,6
actort,6
acturb,6
adortment,9
advasury,8
aeont,5
aftes,5
agair,5
agong,5
aheir,5
alied,5
allich,6
alock,5
alood,5
aloor,5
amerruct,8
amould,6
anglion,7
aniting,7
anside,6
answerve,8
anyons,6
anywhers,8
apare,5
appeat,6
arass,5
armes,5
arocken,7
arough,6
asken,5
assuld,6
assurated,9
atlarnor,8
autognally,10
awain,5
awarnest,8
awary,5
babore,6
balvates,8
baready,7
bashor,6
basts,5
beares,6
beary,5
beaudinly,9
beconed,7
bedical,7
beford,6
begar,5
behavious,9
beine,5
beink,5
belice,6
besser,6
beturn,6
birst,5
bluit,5
borrican,8
boweved,7
branks,6
bried,5
brienst,7
broned,6
brong,5
browly,6
brumb,5
buicket,7
buite,5
bulties,7
bultious,8
bustory,7
bustred,7
cardid,6
carlince,8
carlity,7
carmals,7
caterver,8
cathough,8
cershic,7
chall,5
chaning,7
chaple,6
chatury,7
cheir,5
chich,5
ching,5
chuffirs,8
cirmic,6
cithing,7
cittle,6
cleak,5
climall,7
clogar,6
clood,5
cloor,5
coace,5
coate,5
cometated,9
compain,7
compets,7
contiled,8
contres,7
convainess,10
corket,6
coult,5
counces,7
cound,5
coupid,6
covel,5
creast,6
cresday,7
crich,5
criormed,8
crited,6
cronts,6
curgely,7
cynce,5
danduce,7
darkets,7
dearp,5
debeloter,9
decurned,8
demail,6
demange,7
desishing,9
despent,7
dessing,7
diagnals,8
differape,9
difficand,9
diffusted,9
direarably,10
dirror,6
disearce,8
disting,7
doint,5
dooks,5
dought,6
dozend,6
drade,5
dreat,5
drighted,8
dront,5
durdly,6
earia,5
eashous,7
easted,6
elench,6
embalities,10
emothing,8
enerve,6
engards,7
enimal,6
enould,6
enound,6
entermen,8
essemened,9
ethern,6
eureal,6
evere,5
evild,5
excent,6
exercern,8
exoter,6
explonatic,10
exters,6
extry,5
failly,6
faink,5
faisen,6
faish,5
fample,6
fanth,5
fascles,7
fater,5
fathin,6
fattle,6
faving,6
felver,6
fieces,6
fifle,5
figher,6
firds,5
firse,5
fooke,5
fooks,5
forld,5
frain,5
framer,6
frash,5
fravel,6
frightered,10
fritain,7
froor,5
furport,7
futfil,6
futual,6
gainel,6
gamen,5
gardly,6
gareet,6
garlish,7
gentral,7
gentrol,7
gerect,6
giberts,7
gilled,6
giree,5
gnable,6
goich,5
golded,6
grandance,9
granged,7
grapped,7
grear,5
greer,5
grest,5
growed,6
grozen,6
guees,5
guied,5
habortment,10
hanally,7
harned,6
helow,5
hoopetanced,11
horgot,6
hosition,8
hould,5
hourcious,9
housh,5
howards,7
husbant,7
huslion,7
huspent,7
husside,7
idequenced,10
idequent,8
idice,5
immuticed,9
implaings,9
imporiate,9
inceiving,9
inders,6
indiviship,10
infaish,7
insteence,9
insterged,9
instramme,9
inswer,6
inverisive,10
issely,6
ivoir,5
jeeth,5
jubblied,8
juside,6
kital,5
larble,6
larning,7
lates,5
leacked,7
lealow,6
leavy,5
lecongers,9
lettly,6
leved,5
liberly,7
liching,7
liggle,6
likels,6
liminnium,9
lisdon,6
litice,6
livil,5
locar,5
loolved,7
lootch,6
lourse,6
loways,6
macherful,9
mainer,6
mainforial,10
majoy,5
manate,6
marling,7
marriced,8
marth,5
masten,6
mathing,7
maxes,5
mayed,5
mease,5
melico,6
meterstive,10
mileged,7
milenced,8
millysis,8
minual,6
momplem,7
monor,5
monted,6
morfach,7
musher,6
mysers,6
mysted,6
nasic,5
nather,6
natiout,7
neven,5
nightment,9
nobiling,8
norly,5
norturen,8
occure,6
officlel,8
officy,6
ofter,5
olders,6
opeamo,6
orboured,8
orditoed,8
orgazing,8
ottil,5
owniod,6
pagin,5
pakinade,8
pamparch,8
parld,5
parlically,10
parlistors,10
passiled,8
patural,7
peactine,8
peaknest,8
peemer,6
pelowed,7
peoped,6
peoper,6
peoppe,6
peoren,6
peorty,6
perchcread,10
pervenes,8
phispiraph,10
plangs,6
plass,5
pleckete,8
plerge,6
pluns,5
polden,6
policiore,9
polies,6
pollar,6
positors,8
pourse,6
pourty,6
poverly,7
powns,5
preateen,8
preations,9
preatord,8
priet,5
prithed,7
proferial,9
profish,7
progralls,9
pronomits,9
propence,8
prosses,7
protbature,10
puppen,6
purned,6
purst,5
purvous,7
pussip,6
putsing,7
quere,5
quietch,7
raite,5
raiter,6
rajoy,5
rastor,6
rative,6
rattes,6
recision,8
rects,5
regangthed,10
regured,7
relatment,9
releptian,9
relitols,8
remaing,7
remane,6
remponals,9
repore,6
represcent,10
researes,8
restors,7
restuently,10
rissy,5
rould,5
rounted,7
rousual,7
rulled,6
rully,5
runcher,7
sailth,6
saley,5
sayind,6
scadieve,8
scally,6
scholt,6
sconomic,8
screlles,8
seare,5
secade,6
secassy,7
secence,7
seeple,6
senetryside,11
sentilled,9
senyant,7
seproughes,10
serion,6
serst,5
setteria,8
sevolve,7
shathed,7
shese,5
shose,5
shound,6
shount,6
shoutize,8
shree,5
shyme,5
siggile,7
sighess,7
siter,5
slare,5
slassures,9
slewer,6
snaks,5
sneep,5
soble,5
socidents,9
socieve,7
socton,6
sollsion,8
solly,5
solustrable,11
sompanism,9
sompected,9
sorsing,7
sorth,5
specing,7
spens,5
spreer,6
spris,5
stace,5
staire,6
stans,5
stant,5
starcent,8
starlic,7
stater,6
stath,5
steard,6
steet,5
steir,5
stild,5
stily,5
stoof,5
stormous,8
storn,5
storway,7
strased,7
strined,7
strizent,8
studened,8
suddle,6
sugan,5
suients,7
suppost,7
surcultion,10
swarrine,8
sweedom,7
sweel,5
switer,6
sysely,6
takely,6
talue,5
tavour,6
telesters,9
telface,7
telightee,9
tembers,7
temebody,8
tensible,8
thapted,7
thard,5
thesh,5
thess,5
thest,5
thewed,6
thich,5
thile,5
thilt,5
thint,5
thook,5
thould,6
thounds,7
thred,5
thres,5
throurated,10
thrours,7
timple,6
tontion,7
totaily,7
toten,5
toter,5
tracetant,9
traching,8
trand,5
traze,5
treards,7
trime,5
trivage,7
trobler,7
troduate,8
trootage,8
turicy,6
turnity,7
turtom,6
twentage,8
twents,6
twich,5
unabia,6
uncher,6
uncided,7
undicions,9
unimal,6
unior,5
univelling,10
unusil,6
upstanic,8
urgun,5
usuat,5
vehicaps,8
vercher,7
vingets,7
visco,5
visic,5
vitch,5
voick,5
vothin,6
wairly,6
wallway,7
wandscoat,9
wandy,5
wealion,7
westeur,7
wheards,7
wheatry,7
wheir,5
whese,5
whice,5
whild,5
whill,5
whing,5
whols,5
whong,5
whoses,6
whost,5
whowy,5
widentably,10
wiver,5
womel,5
womes,5
wondow,6
wontle,6
woore,5
worces,6
worgic,6
worocco,7
wount,5
wours,5
wouse,5
wried,5
wrose,5
wrots,5
wrout,5
xamissible,11
yeall,5
yeasp,5
yough,5
yould,5
yound,5
