"Fluent","Designer","studyid","test_1_lexical_1","test_1_lexical_2","test_1_lexical_3","test_1_lexical_4","test_1_lexical_5","test_1_lexical_6","test_1_lexical_7","test_1_lexical_8","test_1_lexical_9","test_1_lexical_10","test_1_lexical_11","test_1_lexical_12","test_1_lexical_13","test_1_lexical_14","test_1_lexical_15","test_1_lexical_16","test_1_lexical_17","test_1_lexical_18","test_1_lexical_19","test_1_lexical_20","test_1_remember","test_1_legibility","test_1_recognition_1","test_1_recognition_2","test_1_recognition_3","test_1_recognition_4","test_1_recognition_5","test_1_recognition_6","test_1_recognition_7","test_1_recognition_8","test_1_recognition_9","test_1_recognition_10","test_1_recognition_11","test_1_recognition_12","test_1_recognition_13","test_1_recognition_14","test_1_recognition_15","test_1_recognition_16","test_2_lexical_1","test_2_lexical_2","test_2_lexical_3","test_2_lexical_4","test_2_lexical_5","test_2_lexical_6","test_2_lexical_7","test_2_lexical_8","test_2_lexical_9","test_2_lexical_10","test_2_lexical_11","test_2_lexical_12","test_2_lexical_13","test_2_lexical_14","test_2_lexical_15","test_2_lexical_16","test_2_lexical_17","test_2_lexical_18","test_2_lexical_19","test_2_lexical_20","test_2_remember","test_2_legibility","test_2_recognition_1","test_2_recognition_2","test_2_recognition_3","test_2_recognition_4","test_2_recognition_5","test_2_recognition_6","test_2_recognition_7","test_2_recognition_8","test_2_recognition_9","test_2_recognition_10","test_2_recognition_11","test_2_recognition_12","test_2_recognition_13","test_2_recognition_14","test_2_recognition_15","test_2_recognition_16","",""
"yes","Non-designer","1","arial, word, together, Sure word, 2128","arial, word, contact, Sure word, 1871","arial, non-word, minned, Probably non-word, 2760","arial, word, painting, Sure word, 2350","arial, non-word, lunnest, Probably non-word, 2803","arial, non-word, thiles, Probably non-word, 3556","arial, non-word, brisis, Probably non-word, 5041","arial, word, older, Sure word, 2270","arial, word, spread, Sure word, 4089","arial, word, managed, Sure word, 1697","arial, non-word, narnisite, Probably non-word, 4788","arial, word, organized, Sure word, 2055","arial, non-word, mocietary, Probably non-word, 3333","arial, non-word, convence, Probably non-word, 8581","arial, non-word, exectorial, Probably word, 6800","arial, non-word, lodieves, Probably non-word, 2559","arial, word, store, Sure word, 1824","arial, word, normal, Sure word, 2374","arial, word, opening, Sure word, 1820","arial, non-word, drankes, Probably non-word, 2820","92","very easy to read","arial, word, together, seen, together, Sure seen, 3387","arial, word, operations, non-seen, opening, Sure not seen, 2814","arial, word, managed, seen, managed, Sure seen, 2100","arial, non-word, mocietary, seen, mocietary, Sure seen, 2953","arial, non-word, conventment, non-seen, convence, Sure not seen, 3167","arial, non-word, lunnest, seen, lunnest, Sure seen, 2236","arial, word, opened, non-seen, older, Sure not seen, 5030","arial, non-word, lodieves, seen, lodieves, Sure seen, 4863","arial, non-word, narnisite, seen, narnisite, Sure seen, 2442","arial, word, store, seen, store, Sure not seen, 3686","arial, non-word, minsuit, non-seen, minned, Sure not seen, 2356","arial, non-word, brives, non-seen, brisis, Sure not seen, 2316","arial, non-word, dreentic, non-seen, drankes, Sure not seen, 1838","arial, word, spread, seen, spread, Sure not seen, 2322","arial, word, original, non-seen, organized, Sure seen, 2407","arial, word, content, non-seen, contact, Sure not seen, 2090","sansforgetica, non-word, reating, Probably non-word, 6844","sansforgetica, word, department, Sure word, 1999","sansforgetica, word, otherwise, Sure word, 2447","sansforgetica, non-word, hapording, Probably non-word, 3191","sansforgetica, non-word, nommidated, Probably non-word, 4714","sansforgetica, word, support, Sure word, 2165","sansforgetica, word, sight, Sure word, 1741","sansforgetica, word, build, Sure word, 1840","sansforgetica, word, feels, Sure word, 2448","sansforgetica, non-word, plactarshed, Sure non-word, 5986","sansforgetica, non-word, schieverily, Sure non-word, 2653","sansforgetica, word, style, Sure word, 2062","sansforgetica, non-word, masuld, Sure non-word, 2423","sansforgetica, non-word, considenon, Sure non-word, 5256","sansforgetica, word, religious, Sure word, 2010","sansforgetica, word, increasing, Sure word, 2167","sansforgetica, word, imagine, Sure word, 1933","sansforgetica, non-word, fighly, Sure non-word, 2953","sansforgetica, non-word, morward, Sure non-word, 5925","sansforgetica, non-word, autteuvrity, Sure non-word, 2545","89","difficult to read","sansforgetica, non-word, autteuvrity, seen, autteuvrity, Sure not seen, 2611","sansforgetica, word, remain, non-seen, religious, Probably not seen, 8072","sansforgetica, word, ought, non-seen, otherwise, Sure not seen, 2328","sansforgetica, non-word, nontrantion, non-seen, nommidated, Sure not seen, 2707","sansforgetica, non-word, matisiber, non-seen, masuld, Sure not seen, 1998","sansforgetica, word, fellow, non-seen, feels, Sure not seen, 2288","sansforgetica, non-word, happered, non-seen, hapording, Sure not seen, 2576","sansforgetica, word, imagine, seen, imagine, Sure seen, 2051","sansforgetica, word, increasing, seen, increasing, Sure seen, 2313","sansforgetica, non-word, reating, seen, reating, Sure seen, 4430","sansforgetica, word, supposed, non-seen, support, Sure not seen, 2611","sansforgetica, word, department, seen, department, Sure seen, 2333","sansforgetica, non-word, moster, non-seen, morward, Sure not seen, 2763","sansforgetica, non-word, considenon, seen, considenon, Sure seen, 2652","sansforgetica, word, sight, seen, sight, Sure seen, 2059","sansforgetica, non-word, plactarshed, seen, plactarshed, Sure seen, 2188","2314796","11-04-2019 08:33"
"yes","Graphic designer","1","sansforgetica, non-word, romoting, Probably non-word, 5490","sansforgetica, non-word, disartanter, Probably non-word, 2903","sansforgetica, non-word, goverpream, Sure non-word, 3431","sansforgetica, non-word, dissehons, Probably non-word, 8281","sansforgetica, word, hands, Sure word, 3151","sansforgetica, non-word, occumeted, Probably word, 2744","sansforgetica, word, bring, Sure word, 1474","sansforgetica, word, fifty, Sure word, 1215","sansforgetica, word, called, Sure word, 1171","sansforgetica, non-word, surcenters, Probably word, 3925","sansforgetica, word, daughter, Sure word, 1890","sansforgetica, word, cause, Sure word, 1069","sansforgetica, word, learning, Sure word, 1102","sansforgetica, non-word, excent, Sure word, 2609","sansforgetica, non-word, rould, Probably word, 3319","sansforgetica, non-word, refectuning, Probably word, 3984","sansforgetica, non-word, impording, Probably non-word, 2982","sansforgetica, word, advice, Sure word, 1405","sansforgetica, word, playing, Sure word, 1383","sansforgetica, word, spread, Sure word, 1521","65","ok","sansforgetica, word, affairs, non-seen, advice, Sure not seen, 6234","sansforgetica, word, calling, non-seen, called, Probably seen, 2440","sansforgetica, non-word, romoting, seen, romoting, Probably seen, 4017","sansforgetica, word, bring, seen, bring, Sure seen, 1249","sansforgetica, non-word, rountes, non-seen, rould, Sure seen, 1790","sansforgetica, non-word, suronder, non-seen, surcenters, Sure not seen, 3902","sansforgetica, non-word, disartanter, seen, disartanter, Probably seen, 3262","sansforgetica, word, happened, non-seen, hands, Sure not seen, 1789","sansforgetica, non-word, occumeted, seen, occumeted, Sure seen, 2059","sansforgetica, non-word, gradboate, non-seen, goverpream, Probably not seen, 4512","sansforgetica, word, cause, seen, cause, Sure seen, 1506","sansforgetica, word, daughter, seen, daughter, Sure seen, 980","sansforgetica, non-word, refectuning, seen, refectuning, Sure seen, 2115","sansforgetica, word, spring, non-seen, spread, Sure not seen, 1913","sansforgetica, word, playing, seen, playing, Sure seen, 2295","sansforgetica, non-word, impreasive, non-seen, impording, Probably not seen, 1947","arial, word, might, Sure word, 4713","arial, word, pattern, Sure word, 1014","arial, word, position, Sure word, 1147","arial, non-word, towever, Probably word, 2779","arial, word, becoming, Sure word, 1485","arial, non-word, speciah, Sure non-word, 3216","arial, non-word, meade, Sure word, 1633","arial, non-word, momorned, Sure non-word, 3061","arial, word, charge, Sure word, 1248","arial, non-word, miney, Probably word, 1721","arial, word, property, Sure word, 1360","arial, non-word, conscioning, Probably non-word, 2375","arial, non-word, schoon, Probably non-word, 1957","arial, word, needed, Sure word, 1261","arial, word, occasion, Sure word, 1428","arial, non-word, histemence, Probably word, 2384","arial, word, cannot, Sure word, 1295","arial, word, found, Sure word, 821","arial, non-word, catuirented, Probably non-word, 3984","arial, non-word, natender, Probably non-word, 1484","70","very easy to read","arial, word, peace, non-seen, pattern, Sure not seen, 2373","arial, non-word, natender, seen, natender, Sure seen, 1743","arial, non-word, specination, non-seen, speciah, Probably seen, 1870","arial, word, cannot, seen, cannot, Sure seen, 1169","arial, word, bedroom, non-seen, becoming, Sure not seen, 1743","arial, non-word, meade, seen, meade, Sure seen, 1350","arial, non-word, momorned, seen, momorned, Sure seen, 1373","arial, non-word, catuirented, seen, catuirented, Sure seen, 1046","arial, word, miles, non-seen, might, Sure not seen, 1396","arial, word, position, seen, position, Sure not seen, 1507","arial, non-word, consicular, non-seen, conscioning, Sure not seen, 2081","arial, word, occurred, non-seen, occasion, Sure not seen, 1564","arial, non-word, mingerned, non-seen, miney, Sure not seen, 2003","arial, word, charge, seen, charge, Sure seen, 1316","arial, non-word, scientable, non-seen, schoon, Sure not seen, 1306","arial, word, needed, seen, needed, Sure seen, 2034","2314576","11-04-2019 08:12"
"yes","Non-designer","1","sansforgetica, word, soldiers, Sure word, 2585","sansforgetica, word, wealth, Sure word, 1223","sansforgetica, word, playing, Sure word, 1320","sansforgetica, word, project, Sure word, 1152","sansforgetica, non-word, applictable, Sure non-word, 4040","sansforgetica, non-word, beausance, Sure non-word, 4808","sansforgetica, non-word, fraditted, Sure non-word, 2472","sansforgetica, word, almost, Sure word, 2175","sansforgetica, non-word, intersive, Sure non-word, 5904","sansforgetica, word, police, Sure word, 2201","sansforgetica, non-word, curonoms, Probably non-word, 5433","sansforgetica, non-word, accation, Probably non-word, 2464","sansforgetica, word, across, Sure word, 2215","sansforgetica, word, guilty, Sure word, 1441","sansforgetica, word, given, Sure word, 1135","sansforgetica, word, generally, Sure word, 2353","sansforgetica, non-word, exerional, Sure non-word, 4321","sansforgetica, non-word, taked, Sure non-word, 2437","sansforgetica, non-word, unformately, Sure non-word, 4480","sansforgetica, non-word, violetic, Sure non-word, 2448","50","ok","sansforgetica, non-word, frafering, non-seen, fraditted, Sure not seen, 8384","sansforgetica, word, solution, non-seen, soldiers, Sure not seen, 1904","sansforgetica, word, pleased, non-seen, playing, Sure not seen, 1871","sansforgetica, non-word, accephysive, non-seen, accation, Sure not seen, 2232","sansforgetica, non-word, beausance, seen, beausance, Sure seen, 2391","sansforgetica, word, policies, non-seen, police, Probably not seen, 7737","sansforgetica, non-word, viried, non-seen, violetic, Probably not seen, 6329","sansforgetica, word, generation, non-seen, generally, Sure not seen, 2358","sansforgetica, word, given, seen, given, Sure not seen, 2576","sansforgetica, non-word, exerional, seen, exerional, Sure seen, 2585","sansforgetica, non-word, calate, non-seen, curonoms, Probably not seen, 3103","sansforgetica, non-word, applictable, seen, applictable, Probably seen, 2841","sansforgetica, word, wealth, seen, wealth, Sure seen, 1864","sansforgetica, word, guilty, seen, guilty, Sure seen, 999","sansforgetica, word, almost, seen, almost, Sure seen, 1098","sansforgetica, non-word, taked, seen, taked, Sure seen, 1680","arial, non-word, underation, Sure non-word, 3552","arial, word, respect, Sure word, 1712","arial, word, school, Sure word, 1488","arial, non-word, beckeys, Probably non-word, 3252","arial, non-word, brisis, Probably non-word, 6494","arial, word, operations, Sure word, 1760","arial, word, spoke, Sure word, 1342","arial, word, college, Sure word, 1152","arial, word, colonel, Sure word, 1617","arial, non-word, comehol, Sure non-word, 3103","arial, non-word, amonged, Sure non-word, 2129","arial, word, opening, Sure word, 1824","arial, word, local, Sure word, 2727","arial, non-word, depernment, Sure non-word, 3297","arial, word, alive, Sure word, 1791","arial, word, comes, Sure word, 2169","arial, non-word, gathdrent, Probably non-word, 2119","arial, non-word, prohialized, Probably non-word, 3753","arial, non-word, aponoments, Sure non-word, 2447","arial, non-word, goventunity, Sure non-word, 1553","50","very easy to read","arial, word, college, seen, college, Sure seen, 3335","arial, word, spread, non-seen, spoke, Probably seen, 1632","arial, non-word, depernment, seen, depernment, Probably seen, 2336","arial, non-word, amonged, seen, amonged, Sure seen, 1752","arial, word, longer, non-seen, local, Sure not seen, 1832","arial, word, alive, seen, alive, Sure not seen, 1403","arial, non-word, gatimasher, non-seen, gathdrent, Sure not seen, 1477","arial, word, opinion, non-seen, operations, Sure not seen, 1504","arial, non-word, brisis, seen, brisis, Sure seen, 1936","arial, word, response, non-seen, respect, Probably not seen, 2088","arial, non-word, becret, non-seen, beckeys, Sure not seen, 2632","arial, non-word, promatic, non-seen, prohialized, Sure not seen, 1864","arial, word, school, seen, school, Sure seen, 1432","arial, non-word, comempted, non-seen, comehol, Probably seen, 2409","arial, non-word, goventunity, seen, goventunity, Sure seen, 1871","arial, word, comes, seen, comes, Sure seen, 1129","2309898","10-04-2019 21:00"
"yes","Letter designer","1","sansforgetica, non-word, leasumated, Sure non-word, 43209","sansforgetica, word, systems, Sure word, 2042","sansforgetica, non-word, assappead, Sure non-word, 34416","sansforgetica, non-word, sublisely, Sure non-word, 12512","sansforgetica, non-word, dreentic, Probably non-word, 17215","sansforgetica, word, highly, Sure word, 2354","sansforgetica, non-word, veginnity, Probably non-word, 39696","sansforgetica, non-word, nontresnate, Probably non-word, 22148","sansforgetica, non-word, assolution, Probably word, 61299","sansforgetica, non-word, moverture, Probably non-word, 32076","sansforgetica, word, dozen, Sure word, 14763","sansforgetica, word, whether, Sure word, 1584","sansforgetica, word, growing, Sure word, 2468","sansforgetica, word, prison, Sure word, 16752","sansforgetica, non-word, auttlefites, Sure non-word, 35924","sansforgetica, word, companies, Sure word, 2454","sansforgetica, word, importance, Sure word, 1466","sansforgetica, word, achieved, Sure word, 1230","sansforgetica, word, nature, Sure word, 1230","sansforgetica, non-word, wetween, Sure non-word, 29337","28","difficult to read","sansforgetica, word, grown, non-seen, growing, Probably not seen, 5591","sansforgetica, non-word, wetween, seen, wetween, Sure seen, 2772","sansforgetica, non-word, dreentic, seen, dreentic, Sure seen, 1426","sansforgetica, word, nearly, non-seen, nature, Probably not seen, 2944","sansforgetica, word, drawn, non-seen, dozen, Probably not seen, 1589","sansforgetica, non-word, leauty, non-seen, leasumated, Probably not seen, 1303","sansforgetica, word, prison, seen, prison, Sure seen, 2032","sansforgetica, word, achieved, seen, achieved, Probably seen, 2574","sansforgetica, non-word, nords, non-seen, nontresnate, Sure not seen, 2618","sansforgetica, word, importance, seen, importance, Sure not seen, 1288","sansforgetica, non-word, moverture, seen, moverture, Sure seen, 2248","sansforgetica, word, systems, seen, systems, Sure not seen, 5116","sansforgetica, word, while, non-seen, whether, Sure not seen, 1107","sansforgetica, non-word, awallized, non-seen, auttlefites, Sure not seen, 1400","sansforgetica, non-word, substriture, non-seen, sublisely, Sure not seen, 2452","sansforgetica, non-word, assappead, seen, assappead, Sure seen, 3012","arial, non-word, discialness, Sure non-word, 27017","arial, word, somewhat, Sure word, 1955","arial, non-word, suggesent, Sure non-word, 17378","arial, word, equal, Sure word, 2072","arial, word, ordinary, Sure word, 3379","arial, word, evidence, Sure word, 1254","arial, non-word, venerweared, Probably non-word, 3718","arial, word, frightened, Sure word, 2276","arial, non-word, valowing, Probably non-word, 2975","arial, non-word, sugoselves, Sure non-word, 3915","arial, non-word, cleep, Probably non-word, 9325","arial, word, everything, Sure word, 1483","arial, non-word, governmence, Sure non-word, 17891","arial, non-word, cheir, Sure non-word, 2074","arial, word, mostly, Sure word, 1812","arial, non-word, internably, Probably non-word, 4298","arial, non-word, tramines, Probably non-word, 3937","arial, word, communist, Sure word, 2452","arial, word, totally, Sure word, 1167","arial, word, amount, Sure word, 959","76","very easy to read","arial, word, exactly, non-seen, evidence, Sure seen, 6858","arial, word, communist, seen, communist, Sure seen, 1132","arial, non-word, cleep, seen, cleep, Sure seen, 1385","arial, non-word, varearing, non-seen, valowing, Sure seen, 973","arial, word, somewhere, non-seen, somewhat, Probably not seen, 6595","arial, non-word, sugoselves, seen, sugoselves, Sure seen, 2317","arial, non-word, cheneved, non-seen, cheir, Sure not seen, 2723","arial, non-word, intersift, non-seen, internably, Sure not seen, 1158","arial, word, mother, non-seen, mostly, Sure not seen, 1053","arial, word, totally, seen, totally, Sure seen, 1935","arial, word, frightened, seen, frightened, Probably not seen, 2978","arial, non-word, sugmaling, non-seen, suggesent, Sure not seen, 2604","arial, word, organized, non-seen, ordinary, Sure not seen, 1344","arial, non-word, governmence, seen, governmence, Sure seen, 2324","arial, word, everything, seen, everything, Sure seen, 1167","arial, non-word, discialness, seen, discialness, Sure seen, 4415","2302333","10-04-2019 08:56"
"yes","Non-designer","1","sansforgetica, word, determined, Sure word, 11442","sansforgetica, word, pattern, Sure word, 5696","sansforgetica, word, theatre, Sure word, 8245","sansforgetica, non-word, wetween, Sure non-word, 5175","sansforgetica, non-word, editising, Probably non-word, 6925","sansforgetica, non-word, morricit, Sure non-word, 7758","sansforgetica, word, reached, Sure word, 3599","sansforgetica, non-word, likelf, Sure non-word, 4411","sansforgetica, non-word, primals, Probably word, 5789","sansforgetica, word, cause, Sure word, 2117","sansforgetica, word, marriage, Sure word, 7266","sansforgetica, word, country, Sure word, 2613","sansforgetica, word, hospital, Sure word, 1994","sansforgetica, word, figure, Sure word, 4279","sansforgetica, non-word, hapording, Sure non-word, 7645","sansforgetica, non-word, plactarshed, Probably non-word, 6756","sansforgetica, non-word, regangle, Sure non-word, 6562","sansforgetica, word, enormous, Sure word, 2924","sansforgetica, non-word, foreass, Probably non-word, 6488","sansforgetica, non-word, moundays, Sure non-word, 3291","78","ok","sansforgetica, word, married, non-seen, marriage, Probably not seen, 14748","sansforgetica, non-word, pritain, non-seen, primals, Sure not seen, 3827","sansforgetica, non-word, moventive, non-seen, moundays, Sure not seen, 3423","sansforgetica, non-word, linally, non-seen, likelf, Sure not seen, 3274","sansforgetica, word, peace, non-seen, pattern, Sure not seen, 2366","sansforgetica, non-word, morricit, seen, morricit, Probably not seen, 7378","sansforgetica, word, cause, seen, cause, Sure seen, 3726","sansforgetica, word, reaction, non-seen, reached, Sure seen, 1471","sansforgetica, word, hospital, seen, hospital, Sure seen, 1192","sansforgetica, non-word, editising, seen, editising, Sure seen, 2759","sansforgetica, word, enormous, seen, enormous, Sure seen, 1592","sansforgetica, non-word, whaiming, non-seen, wetween, Sure not seen, 4594","sansforgetica, non-word, hapording, seen, hapording, Probably not seen, 4216","sansforgetica, word, their, non-seen, theatre, Probably not seen, 2712","sansforgetica, non-word, regangle, seen, regangle, Sure seen, 3622","sansforgetica, word, figure, seen, figure, Sure seen, 1867","arial, non-word, couled, Sure non-word, 5143","arial, word, holiday, Sure word, 4048","arial, non-word, systed, Sure non-word, 2579","arial, non-word, calculgical, Sure non-word, 1727","arial, word, million, Sure word, 2251","arial, non-word, commissful, Sure non-word, 2763","arial, non-word, suronder, Sure non-word, 1366","arial, non-word, wassia, Sure non-word, 1457","arial, non-word, caughtly, Sure non-word, 1909","arial, non-word, conferical, Sure non-word, 3785","arial, word, expected, Sure word, 2242","arial, word, effect, Sure word, 1192","arial, word, entered, Sure word, 3268","arial, word, driving, Sure word, 1202","arial, word, appropriate, Sure word, 2632","arial, non-word, treselved, Sure non-word, 2433","arial, word, rising, Sure word, 2216","arial, word, process, Sure word, 1089","arial, non-word, aggreciled, Sure non-word, 2195","arial, word, economic, Sure word, 2707","83","very easy to read","arial, word, appropriate, seen, appropriate, Sure seen, 4923","arial, non-word, calculgical, seen, calculgical, Probably not seen, 8934","arial, non-word, compaganth, non-seen, commissful, Sure not seen, 6875","arial, word, rising, seen, rising, Sure seen, 2263","arial, non-word, aggreciled, seen, aggreciled, Probably not seen, 3116","arial, word, hoped, non-seen, holiday, Probably not seen, 3767","arial, non-word, couled, seen, couled, Probably not seen, 4363","arial, non-word, syster, non-seen, systed, Sure not seen, 2829","arial, word, effect, seen, effect, Sure seen, 2279","arial, word, expensive, non-seen, expected, Sure seen, 3030","arial, non-word, trevation, non-seen, treselved, Sure not seen, 2499","arial, word, entered, seen, entered, Probably seen, 5056","arial, non-word, confersate, non-seen, conferical, Sure not seen, 2561","arial, word, dropped, non-seen, driving, Sure not seen, 3623","arial, word, economy, non-seen, economic, Probably seen, 10013","arial, non-word, suronder, seen, suronder, Probably seen, 7575","2301780","10-04-2019 08:15"
"yes","Graphic designer","1","arial, non-word, respantive, Probably word, 5357","arial, non-word, voiled, Probably word, 3451","arial, word, meant, Sure word, 2622","arial, word, often, Sure word, 1552","arial, word, difficulty, Sure word, 2407","arial, non-word, splectore, Probably word, 2935","arial, word, ordered, Sure word, 1913","arial, non-word, preeding, Sure word, 3037","arial, non-word, patcher, Sure word, 2234","arial, word, radio, Sure word, 1471","arial, word, previous, Sure word, 3385","arial, word, central, Sure word, 1622","arial, non-word, cormaning, Probably word, 5699","arial, non-word, uneard, Probably word, 4602","arial, word, peace, Sure word, 2026","arial, word, passing, Sure word, 1317","arial, non-word, grawn, Sure word, 1820","arial, non-word, taked, Probably non-word, 6414","arial, non-word, philogrand, Sure word, 6388","arial, word, necessary, Sure word, 1793","80","easy to read","arial, word, pattern, non-seen, passing, Sure not seen, 5970","arial, word, previous, seen, previous, Probably seen, 3846","arial, non-word, preeding, seen, preeding, Sure seen, 2802","arial, non-word, pearmas, non-seen, patcher, Sure not seen, 2337","arial, non-word, tealissed, non-seen, taked, Sure not seen, 1948","arial, word, raised, non-seen, radio, Sure not seen, 1699","arial, word, people, non-seen, peace, Sure not seen, 1426","arial, word, central, seen, central, Sure seen, 1688","arial, word, needed, non-seen, necessary, Probably seen, 3284","arial, non-word, splectore, seen, splectore, Probably seen, 2262","arial, non-word, resperation, non-seen, respantive, Probably seen, 2288","arial, word, ordered, seen, ordered, Probably seen, 3667","arial, non-word, philogrand, seen, philogrand, Sure seen, 2318","arial, non-word, grazy, non-seen, grawn, Probably not seen, 3260","arial, non-word, cormaning, seen, cormaning, Probably not seen, 3362","arial, word, meant, seen, meant, Probably not seen, 2117","sansforgetica, non-word, bettems, Probably non-word, 7477","sansforgetica, non-word, batcough, Probably non-word, 4535","sansforgetica, word, personal, Sure word, 2070","sansforgetica, non-word, moundays, Probably non-word, 5410","sansforgetica, non-word, alreado, Probably non-word, 6356","sansforgetica, non-word, polloways, Probably word, 2679","sansforgetica, word, service, Sure word, 1709","sansforgetica, word, grown, Sure word, 1204","sansforgetica, word, affairs, Sure word, 1171","sansforgetica, non-word, algeres, Sure word, 2508","sansforgetica, non-word, presittes, Probably non-word, 3647","sansforgetica, word, approach, Sure word, 1956","sansforgetica, word, bottom, Sure word, 2012","sansforgetica, word, impossible, Sure word, 1216","sansforgetica, word, seriously, Sure word, 1046","sansforgetica, word, outside, Sure word, 1272","sansforgetica, non-word, retter, Probably word, 2713","sansforgetica, non-word, cheir, Probably word, 2405","sansforgetica, non-word, narnisite, Probably non-word, 2599","sansforgetica, word, reports, Sure word, 2688","81","ok","sansforgetica, word, service, seen, service, Sure seen, 2620","sansforgetica, word, afford, non-seen, affairs, Sure seen, 2712","sansforgetica, non-word, retter, seen, retter, Sure seen, 1495","sansforgetica, word, personal, seen, personal, Sure seen, 1137","sansforgetica, non-word, cheir, seen, cheir, Sure seen, 1070","sansforgetica, word, approach, seen, approach, Sure seen, 954","sansforgetica, non-word, pretectely, non-seen, presittes, Probably not seen, 3569","sansforgetica, word, bought, non-seen, bottom, Probably not seen, 1461","sansforgetica, non-word, alime, non-seen, algeres, Probably not seen, 1632","sansforgetica, word, object, non-seen, outside, Probably seen, 3126","sansforgetica, non-word, moundays, seen, moundays, Sure seen, 1530","sansforgetica, non-word, beausance, non-seen, batcough, Probably not seen, 2250","sansforgetica, non-word, birst, non-seen, bettems, Probably not seen, 1350","sansforgetica, non-word, narnisite, seen, narnisite, Sure seen, 2092","sansforgetica, word, required, non-seen, reports, Probably not seen, 1497","sansforgetica, word, grown, seen, grown, Sure seen, 1597","2300186","10-04-2019 06:04"
"yes","Non-designer","1","arial, word, industrial, Sure word, 4985","arial, word, nobody, Sure word, 2591","arial, word, information, Sure word, 1211","arial, word, principle, Sure word, 2430","arial, non-word, neacten, Sure non-word, 4106","arial, word, political, Sure word, 2228","arial, word, bring, Sure word, 1339","arial, word, modern, Sure word, 1091","arial, non-word, orgument, Sure non-word, 2588","arial, non-word, batcough, Probably non-word, 3645","arial, non-word, lither, Probably word, 2497","arial, non-word, perind, Sure non-word, 3579","arial, non-word, starish, Probably non-word, 3813","arial, word, legal, Sure word, 1766","arial, non-word, plactarshed, Sure non-word, 3083","arial, non-word, perfory, Probably non-word, 2205","arial, non-word, arould, Sure non-word, 2847","arial, word, smell, Sure word, 1743","arial, word, bottle, Sure word, 1395","arial, non-word, cenism, Probably non-word, 2296","75","very easy to read","arial, non-word, perman, non-seen, perind, Sure not seen, 3778","arial, word, legal, seen, legal, Sure seen, 1835","arial, non-word, pericer, non-seen, perfory, Sure not seen, 2418","arial, non-word, neceeducted, non-seen, neacten, Sure not seen, 1304","arial, word, nobody, seen, nobody, Probably seen, 2937","arial, non-word, lither, seen, lither, Sure seen, 2768","arial, word, inside, non-seen, information, Sure not seen, 3498","arial, non-word, batcough, seen, batcough, Sure seen, 2589","arial, non-word, centent, non-seen, cenism, Probably not seen, 4465","arial, word, bottom, non-seen, bottle, Sure not seen, 1970","arial, non-word, arould, seen, arould, Sure seen, 2485","arial, non-word, orgument, seen, orgument, Sure seen, 2555","arial, word, british, non-seen, bring, Sure not seen, 3449","arial, word, smiled, non-seen, smell, Sure not seen, 1670","arial, word, political, seen, political, Sure seen, 2036","arial, word, industrial, seen, industrial, Sure seen, 1225","sansforgetica, non-word, pericer, Sure non-word, 8111","sansforgetica, word, north, Sure word, 2386","sansforgetica, non-word, normit, Sure non-word, 2711","sansforgetica, word, neither, Sure word, 1880","sansforgetica, non-word, assinquent, Probably non-word, 2609","sansforgetica, non-word, mingerned, Sure non-word, 3805","sansforgetica, word, brought, Sure word, 2011","sansforgetica, non-word, batchdour, Sure non-word, 5289","sansforgetica, non-word, begar, Sure non-word, 3858","sansforgetica, word, stage, Sure word, 1857","sansforgetica, non-word, increved, Probably non-word, 2059","sansforgetica, word, organized, Sure word, 2248","sansforgetica, word, decided, Sure word, 1208","sansforgetica, word, staff, Sure word, 1021","sansforgetica, non-word, antendship, Probably non-word, 3791","sansforgetica, non-word, pereatents, Sure non-word, 4512","sansforgetica, non-word, fesituded, Sure non-word, 2902","sansforgetica, word, finished, Sure word, 2183","sansforgetica, word, nothing, Sure word, 1463","sansforgetica, word, third, Sure word, 1045","75","difficult to read","sansforgetica, word, neither, seen, neither, Sure seen, 2024","sansforgetica, word, stand, non-seen, stage, Probably not seen, 5501","sansforgetica, word, nothing, seen, nothing, Probably seen, 2353","sansforgetica, non-word, begar, seen, begar, Sure seen, 2113","sansforgetica, non-word, batchdour, seen, batchdour, Sure seen, 1408","sansforgetica, non-word, mingine, non-seen, mingerned, Sure not seen, 2980","sansforgetica, word, decision, non-seen, decided, Probably not seen, 3433","sansforgetica, non-word, perietail, non-seen, pericer, Sure not seen, 7494","sansforgetica, non-word, increved, seen, increved, Sure seen, 2315","sansforgetica, word, original, non-seen, organized, Probably seen, 5391","sansforgetica, word, brought, seen, brought, Sure seen, 1719","sansforgetica, non-word, assinquent, seen, assinquent, Sure not seen, 5996","sansforgetica, non-word, fesorized, non-seen, fesituded, Sure not seen, 2419","sansforgetica, non-word, norryons, non-seen, normit, Sure not seen, 3695","sansforgetica, word, third, seen, third, Sure seen, 1818","sansforgetica, word, notes, non-seen, north, Probably not seen, 3273","2293733","09-04-2019 14:27"
"yes","Non-designer","1","arial, word, property, Sure word, 3335","arial, non-word, furning, Probably word, 5197","arial, word, dangerous, Sure word, 4597","arial, word, ourselves, Sure word, 2218","arial, word, where, Sure word, 1860","arial, word, anyway, Sure word, 1593","arial, non-word, direndly, Probably non-word, 4797","arial, non-word, linally, Probably non-word, 3883","arial, word, standards, Sure word, 2470","arial, non-word, overicted, Probably non-word, 3828","arial, word, training, Sure word, 2772","arial, non-word, romoting, Probably non-word, 7271","arial, non-word, reating, Probably non-word, 3730","arial, non-word, envirollity, Probably non-word, 4329","arial, non-word, stronous, Probably non-word, 3077","arial, non-word, perman, Probably non-word, 3433","arial, word, people, Sure word, 2349","arial, non-word, breakdous, Probably non-word, 6229","arial, word, whenever, Sure word, 2272","arial, word, opposite, Sure word, 1904","23","very easy to read","arial, word, perfect, non-seen, people, Probably seen, 13104","arial, non-word, furning, seen, furning, Sure seen, 2339","arial, non-word, overicted, seen, overicted, Sure seen, 2681","arial, non-word, rould, non-seen, romoting, Sure not seen, 3521","arial, word, anywhere, non-seen, anyway, Sure seen, 3461","arial, word, whether, non-seen, where, Probably seen, 2791","arial, word, training, seen, training, Sure seen, 2329","arial, non-word, linally, seen, linally, Sure seen, 3275","arial, non-word, envolase, non-seen, envirollity, Probably not seen, 3189","arial, word, proportion, non-seen, property, Sure not seen, 6639","arial, word, dangerous, seen, dangerous, Sure seen, 2255","arial, non-word, brease, non-seen, breakdous, Sure not seen, 2959","arial, word, standards, seen, standards, Sure seen, 3343","arial, word, ourselves, seen, ourselves, Sure seen, 1575","arial, non-word, perman, seen, perman, Sure seen, 1736","arial, non-word, disappelmen, non-seen, direndly, Sure not seen, 4722","sansforgetica, word, fifteen, Sure word, 5241","sansforgetica, non-word, natimate, Probably non-word, 5415","sansforgetica, non-word, drison, Probably non-word, 2890","sansforgetica, word, normal, Sure word, 2364","sansforgetica, non-word, shound, Probably non-word, 4185","sansforgetica, non-word, indernoom, Probably non-word, 2781","sansforgetica, word, store, Sure word, 3360","sansforgetica, non-word, espeatives, Probably word, 9224","sansforgetica, word, forms, Sure word, 2600","sansforgetica, non-word, greselect, Probably non-word, 5008","sansforgetica, word, reality, Sure word, 2313","sansforgetica, non-word, susining, Probably non-word, 3746","sansforgetica, non-word, strugess, Probably non-word, 2863","sansforgetica, word, activities, Sure word, 3136","sansforgetica, word, person, Sure word, 2221","sansforgetica, word, supposed, Sure word, 1648","sansforgetica, non-word, meate, Probably non-word, 3751","sansforgetica, word, prepared, Sure word, 2379","sansforgetica, word, reasons, Sure word, 1382","sansforgetica, non-word, comempted, Probably non-word, 4898","19","ok","sansforgetica, non-word, medgy, non-seen, meate, Sure not seen, 8108","sansforgetica, word, reality, seen, reality, Probably seen, 4418","sansforgetica, word, stories, non-seen, store, Probably not seen, 6924","sansforgetica, non-word, comempted, seen, comempted, Sure seen, 2856","sansforgetica, non-word, drison, seen, drison, Sure seen, 1799","sansforgetica, non-word, syllection, non-seen, susining, Sure not seen, 2981","sansforgetica, word, actual, non-seen, activities, Probably seen, 3560","sansforgetica, word, normally, non-seen, normal, Probably not seen, 4951","sansforgetica, non-word, indernoom, seen, indernoom, Sure not seen, 3340","sansforgetica, non-word, especiling, non-seen, espeatives, Sure not seen, 2237","sansforgetica, word, reasons, seen, reasons, Sure seen, 2681","sansforgetica, word, presence, non-seen, prepared, Probably seen, 2753","sansforgetica, word, supposed, seen, supposed, Sure seen, 2231","sansforgetica, non-word, studity, non-seen, strugess, Probably not seen, 5631","sansforgetica, non-word, shound, seen, shound, Probably seen, 6267","sansforgetica, word, forms, seen, forms, Sure seen, 2369","2285232","08-04-2019 20:45"
"yes","Non-designer","1","sansforgetica, word, physical, Sure word, 3419","sansforgetica, non-word, expeativer, Sure non-word, 4456","sansforgetica, word, beneath, Sure word, 2343","sansforgetica, word, economy, Sure word, 2466","sansforgetica, non-word, sugoselves, Sure non-word, 3786","sansforgetica, word, pressure, Sure word, 3016","sansforgetica, non-word, wetween, Sure non-word, 3867","sansforgetica, non-word, envirollity, Sure non-word, 2600","sansforgetica, word, others, Sure word, 2232","sansforgetica, non-word, stradfules, Sure non-word, 4720","sansforgetica, word, learn, Sure word, 2255","sansforgetica, word, public, Sure word, 2050","sansforgetica, word, ourselves, Sure word, 1976","sansforgetica, non-word, plandstions, Sure non-word, 2835","sansforgetica, word, exercise, Sure word, 2833","sansforgetica, non-word, exisonent, Sure non-word, 2635","sansforgetica, non-word, excensium, Sure non-word, 3401","sansforgetica, word, trial, Sure word, 4728","sansforgetica, non-word, societary, Sure non-word, 4819","sansforgetica, non-word, mircract, Probably non-word, 5400","37","ok","sansforgetica, word, tried, non-seen, trial, Probably seen, 5792","sansforgetica, non-word, excensium, seen, excensium, Sure seen, 2706","sansforgetica, word, picked, non-seen, physical, Sure not seen, 5296","sansforgetica, non-word, expections, non-seen, expeativer, Sure not seen, 3996","sansforgetica, word, pressure, seen, pressure, Sure not seen, 1917","sansforgetica, word, learn, seen, learn, Sure seen, 2302","sansforgetica, non-word, plasumer, non-seen, plandstions, Sure not seen, 5550","sansforgetica, non-word, whaiming, non-seen, wetween, Sure not seen, 2599","sansforgetica, word, exercise, seen, exercise, Probably seen, 4235","sansforgetica, word, public, seen, public, Sure not seen, 3650","sansforgetica, word, benefit, non-seen, beneath, Sure not seen, 2019","sansforgetica, non-word, miregiated, non-seen, mircract, Probably seen, 4098","sansforgetica, non-word, stradfules, seen, stradfules, Sure seen, 2561","sansforgetica, word, education, non-seen, economy, Probably not seen, 5139","sansforgetica, non-word, exisonent, seen, exisonent, Probably not seen, 4332","sansforgetica, non-word, sugoselves, seen, sugoselves, Sure seen, 2487","arial, non-word, exaggetent, Sure non-word, 6118","arial, non-word, coupid, Sure non-word, 3512","arial, word, these, Sure word, 2169","arial, word, moved, Sure word, 2050","arial, word, moment, Sure word, 1688","arial, word, needed, Sure word, 2014","arial, word, enough, Sure word, 1767","arial, non-word, gathdrent, Sure non-word, 3049","arial, word, china, Sure word, 2069","arial, word, avoid, Sure word, 1884","arial, non-word, hartilment, Sure non-word, 4166","arial, word, indeed, Sure word, 1901","arial, word, response, Sure word, 2121","arial, non-word, hapording, Sure non-word, 3529","arial, non-word, scientable, Sure non-word, 3671","arial, non-word, vegitorken, Sure non-word, 2679","arial, word, security, Sure word, 1685","arial, non-word, transferily, Sure non-word, 2433","arial, non-word, gream, Probably non-word, 4443","arial, non-word, fiels, Sure non-word, 2206","39","very easy to read","arial, word, security, seen, security, Sure seen, 3852","arial, non-word, exaggetent, seen, exaggetent, Sure seen, 3947","arial, non-word, coupid, seen, coupid, Sure seen, 1685","arial, word, entered, non-seen, enough, Probably not seen, 8630","arial, non-word, headent, non-seen, hartilment, Sure not seen, 3593","arial, non-word, transferily, seen, transferily, Sure seen, 2554","arial, word, movements, non-seen, moved, Probably not seen, 4146","arial, word, responsible, non-seen, response, Probably not seen, 3740","arial, non-word, scievority, non-seen, scientable, Sure not seen, 2720","arial, non-word, happered, non-seen, hapording, Sure not seen, 2320","arial, word, moment, seen, moment, Sure seen, 1849","arial, word, independent, non-seen, indeed, Sure not seen, 2482","arial, word, avoid, seen, avoid, Sure seen, 1955","arial, word, needed, seen, needed, Sure seen, 1735","arial, non-word, gatimasher, non-seen, gathdrent, Sure not seen, 3197","arial, non-word, gream, seen, gream, Sure seen, 2700","2283911","08-04-2019 18:28"
"yes","Non-designer","1","arial, word, official, Sure word, 2344","arial, word, calling, Sure word, 1580","arial, non-word, undouring, Sure non-word, 2103","arial, word, plans, Sure word, 1848","arial, non-word, dreentic, Sure non-word, 1871","arial, non-word, bothin, Sure non-word, 2408","arial, non-word, serry, Sure non-word, 2399","arial, non-word, obsentional, Sure non-word, 3875","arial, word, means, Sure word, 1999","arial, word, century, Sure word, 1666","arial, word, china, Sure word, 1715","arial, non-word, grazy, Probably non-word, 3086","arial, word, offered, Sure word, 2698","arial, word, wished, Sure word, 1635","arial, non-word, moventive, Sure non-word, 4847","arial, word, wrong, Sure word, 2399","arial, non-word, irrection, Sure non-word, 3588","arial, word, between, Sure word, 1699","arial, non-word, adjection, Probably non-word, 3228","arial, non-word, impripling, Sure non-word, 1498","50","easy to read","arial, non-word, impripling, seen, impripling, Sure seen, 5083","arial, non-word, serry, seen, serry, Sure seen, 1899","arial, word, wished, seen, wished, Sure seen, 2126","arial, word, certain, non-seen, century, Sure seen, 1557","arial, word, offered, seen, offered, Sure seen, 1393","arial, non-word, adjuntives, non-seen, adjection, Probably seen, 6487","arial, non-word, bothin, seen, bothin, Sure seen, 1936","arial, non-word, gream, non-seen, grazy, Sure not seen, 2121","arial, word, official, seen, official, Sure seen, 1775","arial, word, meant, non-seen, means, Probably seen, 3126","arial, word, between, seen, between, Sure seen, 1642","arial, non-word, undublisted, non-seen, undouring, Probably not seen, 4615","arial, non-word, occalution, non-seen, obsentional, Probably not seen, 4056","arial, word, calls, non-seen, calling, Sure seen, 3036","arial, non-word, moventive, seen, moventive, Sure not seen, 2194","arial, word, choice, non-seen, china, Sure seen, 4226","sansforgetica, word, wonderful, Sure word, 11039","sansforgetica, non-word, itaters, Sure non-word, 3101","sansforgetica, non-word, forwared, Sure non-word, 3634","sansforgetica, word, showed, Sure word, 1988","sansforgetica, non-word, catiquition, Sure non-word, 3051","sansforgetica, non-word, undulained, Sure non-word, 3463","sansforgetica, non-word, syster, Sure non-word, 3116","sansforgetica, word, bread, Sure word, 1700","sansforgetica, non-word, clese, Sure non-word, 3048","sansforgetica, word, neither, Sure word, 2074","sansforgetica, word, books, Sure word, 1561","sansforgetica, non-word, incogering, Sure non-word, 2235","sansforgetica, word, ready, Sure word, 1649","sansforgetica, word, death, Sure word, 2232","sansforgetica, non-word, contructors, Sure non-word, 3716","sansforgetica, word, sight, Sure word, 2152","sansforgetica, non-word, sategontly, Sure non-word, 2300","sansforgetica, word, marriage, Sure word, 1949","sansforgetica, non-word, distructs, Probably non-word, 3425","sansforgetica, word, teaching, Sure word, 1896","68","ok","sansforgetica, word, neither, seen, neither, Sure seen, 7039","sansforgetica, non-word, clesh, non-seen, clese, Sure seen, 6340","sansforgetica, non-word, incormately, non-seen, incogering, Probably seen, 2732","sansforgetica, non-word, sacusaned, non-seen, syster, Sure not seen, 3924","sansforgetica, word, marriage, seen, marriage, Sure seen, 1876","sansforgetica, word, books, seen, books, Sure seen, 1476","sansforgetica, word, decade, non-seen, death, Sure not seen, 1949","sansforgetica, word, tears, non-seen, teaching, Sure not seen, 2074","sansforgetica, word, words, non-seen, wonderful, Sure seen, 1649","sansforgetica, non-word, distructs, seen, distructs, Sure seen, 4754","sansforgetica, word, shown, non-seen, showed, Probably seen, 2680","sansforgetica, non-word, sategontly, seen, sategontly, Sure seen, 4182","sansforgetica, non-word, catiquition, seen, catiquition, Sure seen, 2686","sansforgetica, non-word, convence, non-seen, contructors, Sure not seen, 3221","sansforgetica, word, bread, seen, bread, Sure seen, 1817","sansforgetica, non-word, itaters, seen, itaters, Sure not seen, 3157","2281423","08-04-2019 14:50"
"no","Typographer","1","arial, non-word, remansion, Probably word, 3713","arial, word, argued, Sure word, 1632","arial, word, treatment, Sure word, 1552","arial, non-word, wourt, Probably non-word, 1957","arial, non-word, thurning, Probably non-word, 3038","arial, non-word, mixting, Probably word, 2261","arial, word, green, Sure word, 1341","arial, non-word, indernment, Probably non-word, 2630","arial, word, different, Sure word, 1497","arial, word, somebody, Sure word, 1328","arial, non-word, mayer, Probably non-word, 3186","arial, word, department, Sure word, 1763","arial, non-word, respantive, Probably non-word, 2778","arial, word, particular, Sure word, 1586","arial, word, certain, Sure word, 1002","arial, word, whole, Sure word, 1091","arial, word, prime, Sure word, 1035","arial, non-word, splectore, Probably non-word, 3015","arial, non-word, govermists, Sure non-word, 3184","arial, non-word, legetation, Probably word, 2814","80","easy to read","arial, word, treatment, seen, treatment, Sure seen, 2892","arial, word, prime, seen, prime, Sure seen, 1428","arial, word, green, seen, green, Sure seen, 967","arial, non-word, resperation, non-seen, respantive, Probably not seen, 3522","arial, non-word, wourt, seen, wourt, Sure seen, 5232","arial, word, certainly, non-seen, certain, Sure seen, 1203","arial, non-word, thurning, seen, thurning, Sure seen, 1350","arial, non-word, legissaries, non-seen, legetation, Sure not seen, 2025","arial, non-word, remansion, seen, remansion, Sure seen, 2857","arial, non-word, governmence, non-seen, govermists, Sure not seen, 3140","arial, word, parties, non-seen, particular, Sure not seen, 3970","arial, word, whose, non-seen, whole, Sure not seen, 2712","arial, non-word, mixtured, non-seen, mixting, Sure not seen, 3622","arial, word, described, non-seen, department, Probably not seen, 4252","arial, word, argued, seen, argued, Sure seen, 1575","arial, non-word, indernment, seen, indernment, Sure seen, 1823","sansforgetica, word, modern, Sure word, 2993","sansforgetica, non-word, calculgical, Probably non-word, 2914","sansforgetica, word, narrow, Sure word, 1745","sansforgetica, word, himself, Sure word, 1866","sansforgetica, word, considered, Sure word, 1622","sansforgetica, non-word, aponoments, Sure non-word, 4982","sansforgetica, word, attempt, Sure word, 2183","sansforgetica, non-word, beliets, Probably non-word, 3014","sansforgetica, word, figure, Sure word, 1306","sansforgetica, non-word, indifferely, Sure non-word, 3667","sansforgetica, non-word, envirollity, Sure non-word, 3386","sansforgetica, word, leaving, Sure word, 1406","sansforgetica, non-word, poilude, Probably non-word, 2014","sansforgetica, non-word, farkeyary, Probably non-word, 3499","sansforgetica, non-word, incogering, Probably non-word, 2588","sansforgetica, non-word, expeantly, Probably non-word, 3870","sansforgetica, word, addition, Sure word, 1541","sansforgetica, word, higher, Sure word, 1733","sansforgetica, word, systems, Sure word, 1349","sansforgetica, non-word, softwall, Probably word, 3882","82","difficult to read","sansforgetica, word, modern, seen, modern, Sure seen, 1901","sansforgetica, word, admit, non-seen, addition, Sure not seen, 1766","sansforgetica, non-word, cammuning, non-seen, calculgical, Sure not seen, 1518","sansforgetica, word, figure, seen, figure, Sure seen, 1621","sansforgetica, non-word, indifferely, seen, indifferely, Sure seen, 3668","sansforgetica, word, safety, non-seen, systems, Sure seen, 1675","sansforgetica, non-word, beliets, seen, beliets, Sure seen, 1744","sansforgetica, word, leaving, seen, leaving, Sure seen, 1069","sansforgetica, non-word, incormately, non-seen, incogering, Sure not seen, 2846","sansforgetica, non-word, fashing, non-seen, farkeyary, Sure not seen, 2386","sansforgetica, non-word, softwall, seen, softwall, Sure seen, 1788","sansforgetica, word, highly, non-seen, higher, Probably seen, 3701","sansforgetica, word, contact, non-seen, considered, Sure seen, 2509","sansforgetica, word, attempt, seen, attempt, Sure seen, 956","sansforgetica, non-word, polinize, non-seen, poilude, Probably not seen, 4063","sansforgetica, non-word, aponoments, seen, aponoments, Sure seen, 2484","2281091","08-04-2019 14:11"
"yes","Letter designer","1","arial, word, similar, Sure word, 3971","arial, word, current, Sure word, 2130","arial, non-word, distructs, Sure word, 34626","arial, word, father, Sure word, 2095","arial, non-word, outhormance, Sure non-word, 12403","arial, word, individual, Sure word, 4894","arial, word, strike, Sure word, 1703","arial, non-word, sleat, Probably word, 6630","arial, non-word, gighting, Probably non-word, 26218","arial, non-word, dissehons, Probably non-word, 7903","arial, word, running, Sure word, 3869","arial, word, showed, Sure word, 1385","arial, non-word, intersive, Probably word, 4400","arial, word, smaller, Sure word, 1524","arial, word, teaching, Sure word, 1854","arial, non-word, chaminue, Probably word, 13602","arial, word, housing, Sure word, 1508","arial, non-word, mingine, Probably non-word, 6506","arial, non-word, varefully, Probably word, 3838","arial, non-word, defernable, Probably word, 5945","30","very easy to read","arial, non-word, gighting, seen, gighting, Sure seen, 6115","arial, non-word, defernable, seen, defernable, Sure not seen, 26995","arial, word, smaller, seen, smaller, Sure seen, 9866","arial, non-word, champance, non-seen, chaminue, Sure not seen, 4721","arial, word, radio, non-seen, running, Sure not seen, 2519","arial, non-word, mingine, seen, mingine, Sure seen, 2695","arial, word, simply, non-seen, similar, Sure not seen, 5804","arial, non-word, intertution, non-seen, intersive, Sure not seen, 3671","arial, non-word, diverented, non-seen, distructs, Sure not seen, 4899","arial, word, housing, seen, housing, Sure seen, 6113","arial, non-word, varlies, non-seen, varefully, Sure not seen, 2089","arial, word, shown, non-seen, showed, Sure not seen, 6320","arial, word, strong, non-seen, strike, Sure not seen, 5395","arial, word, individual, seen, individual, Sure not seen, 11646","arial, non-word, sleat, seen, sleat, Sure seen, 9530","arial, word, teaching, seen, teaching, Sure seen, 1584","sansforgetica, word, broken, Sure word, 10797","sansforgetica, non-word, stronous, Probably non-word, 8227","sansforgetica, word, significant, Sure word, 4759","sansforgetica, word, white, Sure word, 1906","sansforgetica, non-word, outsing, Sure word, 8707","sansforgetica, non-word, feanspore, Sure non-word, 6080","sansforgetica, non-word, classorse, Sure non-word, 5652","sansforgetica, non-word, purmater, Probably word, 5130","sansforgetica, word, prepared, Sure word, 2467","sansforgetica, non-word, gradboate, Sure non-word, 5879","sansforgetica, non-word, speen, Sure word, 4488","sansforgetica, word, large, Sure word, 3015","sansforgetica, word, aware, Sure word, 2018","sansforgetica, word, rates, Sure word, 2081","sansforgetica, word, couple, Sure word, 2137","sansforgetica, non-word, romoting, Sure non-word, 13337","sansforgetica, non-word, funditunian, Probably non-word, 13851","sansforgetica, word, manner, Sure word, 4076","sansforgetica, word, sitting, Sure word, 1557","sansforgetica, non-word, sechniall, Probably non-word, 11646","34","very easy to read","sansforgetica, word, largely, non-seen, large, Sure not seen, 14420","sansforgetica, word, rates, seen, rates, Sure seen, 2523","sansforgetica, non-word, outting, non-seen, outsing, Sure not seen, 10019","sansforgetica, non-word, purmater, seen, purmater, Sure not seen, 3248","sansforgetica, word, broken, seen, broken, Sure seen, 3452","sansforgetica, non-word, classorse, seen, classorse, Sure not seen, 2397","sansforgetica, non-word, furning, non-seen, funditunian, Sure not seen, 4468","sansforgetica, non-word, romoting, seen, romoting, Sure seen, 4181","sansforgetica, word, presence, non-seen, prepared, Sure not seen, 3399","sansforgetica, word, significant, seen, significant, Probably seen, 9068","sansforgetica, non-word, secordlere, non-seen, sechniall, Sure not seen, 3685","sansforgetica, word, awful, non-seen, aware, Sure not seen, 4407","sansforgetica, non-word, feanspore, seen, feanspore, Sure not seen, 24371","sansforgetica, word, manner, seen, manner, Sure seen, 2685","sansforgetica, word, situation, non-seen, sitting, Sure seen, 1786","sansforgetica, non-word, structious, non-seen, stronous, Sure not seen, 4637","2280594","08-04-2019 13:25"
"yes","Letter designer","1","sansforgetica, non-word, capites, Sure non-word, 4549","sansforgetica, non-word, hunneshed, Sure non-word, 7870","sansforgetica, word, competition, Sure word, 3448","sansforgetica, non-word, impreasive, Sure non-word, 2551","sansforgetica, non-word, centent, Sure non-word, 2814","sansforgetica, word, impression, Sure word, 3113","sansforgetica, word, cross, Sure word, 1996","sansforgetica, non-word, ninished, Sure non-word, 3425","sansforgetica, word, offered, Sure word, 2348","sansforgetica, word, tonight, Sure word, 2061","sansforgetica, word, either, Sure word, 1707","sansforgetica, word, found, Sure word, 1503","sansforgetica, word, directly, Sure word, 1422","sansforgetica, non-word, empefic, Sure non-word, 2007","sansforgetica, non-word, campetaring, Sure non-word, 2175","sansforgetica, non-word, overible, Sure non-word, 1991","sansforgetica, word, higher, Sure word, 1652","sansforgetica, word, hands, Sure word, 1409","sansforgetica, non-word, beliets, Sure non-word, 1507","sansforgetica, non-word, pollowism, Sure non-word, 2870","50","ok","sansforgetica, non-word, camputers, non-seen, campetaring, Sure not seen, 3909","sansforgetica, non-word, bengely, non-seen, beliets, Sure not seen, 2011","sansforgetica, word, election, non-seen, either, Sure not seen, 6341","sansforgetica, non-word, pollowism, seen, pollowism, Sure seen, 4911","sansforgetica, non-word, impreit, non-seen, impreasive, Sure not seen, 2011","sansforgetica, non-word, ninished, seen, ninished, Sure not seen, 7152","sansforgetica, non-word, overicted, non-seen, overible, Probably not seen, 11371","sansforgetica, non-word, empefic, seen, empefic, Sure seen, 2653","sansforgetica, word, tonight, seen, tonight, Sure seen, 2126","sansforgetica, word, highly, non-seen, higher, Sure not seen, 6700","sansforgetica, word, office, non-seen, offered, Sure not seen, 2663","sansforgetica, word, impression, seen, impression, Sure seen, 5343","sansforgetica, non-word, centent, seen, centent, Sure seen, 2455","sansforgetica, word, happened, non-seen, hands, Sure not seen, 4118","sansforgetica, word, found, seen, found, Sure seen, 2143","sansforgetica, word, cross, seen, cross, Sure seen, 1719","arial, non-word, brime, Sure non-word, 13820","arial, non-word, carturences, Sure non-word, 3743","arial, non-word, drankes, Sure non-word, 3166","arial, word, attention, Sure word, 4363","arial, non-word, hopulatute, Sure non-word, 3336","arial, word, british, Sure word, 2893","arial, word, private, Sure word, 1766","arial, word, classes, Sure word, 1835","arial, word, species, Sure word, 1634","arial, non-word, distecties, Sure non-word, 3255","arial, non-word, contrucrate, Sure non-word, 2228","arial, word, avoid, Sure word, 1638","arial, word, generation, Sure word, 1693","arial, word, built, Sure word, 1391","arial, word, trial, Sure word, 1654","arial, word, reaction, Sure word, 3683","arial, non-word, normit, Sure non-word, 3739","arial, non-word, curibe, Sure non-word, 1571","arial, non-word, cenism, Sure non-word, 1404","arial, non-word, driet, Sure non-word, 1371","50","easy to read","arial, non-word, cenger, non-seen, cenism, Sure not seen, 3907","arial, non-word, brisis, non-seen, brime, Sure not seen, 2735","arial, word, classes, seen, classes, Sure seen, 2188","arial, word, gently, non-seen, generation, Sure not seen, 1477","arial, non-word, hopulatute, seen, hopulatute, Sure not seen, 3245","arial, word, attention, seen, attention, Sure seen, 1743","arial, non-word, norryons, non-seen, normit, Sure not seen, 1357","arial, non-word, dreentic, non-seen, drankes, Sure not seen, 1500","arial, word, business, non-seen, built, Sure not seen, 1380","arial, word, species, seen, species, Probably seen, 2927","arial, word, reaction, seen, reaction, Sure seen, 1736","arial, non-word, carturences, seen, carturences, Sure seen, 1927","arial, non-word, contrucrate, seen, contrucrate, Sure seen, 1847","arial, word, broken, non-seen, british, Sure not seen, 1481","arial, non-word, distecties, seen, distecties, Sure seen, 3099","arial, word, tried, non-seen, trial, Sure not seen, 3964","2280495","08-04-2019 13:14"
"yes","Non-designer","1","sansforgetica, word, carefully, Sure word, 2711","sansforgetica, non-word, underients, Sure non-word, 3300","sansforgetica, word, medical, Sure word, 1833","sansforgetica, word, matter, Sure word, 1474","sansforgetica, non-word, cheneved, Probably non-word, 2303","sansforgetica, word, length, Sure word, 1417","sansforgetica, non-word, becieve, Sure non-word, 1676","sansforgetica, non-word, conferation, Sure non-word, 2077","sansforgetica, non-word, proception, Probably non-word, 1948","sansforgetica, word, comes, Sure word, 1463","sansforgetica, word, education, Sure word, 1372","sansforgetica, non-word, algeres, Probably non-word, 1825","sansforgetica, non-word, sufferming, Sure non-word, 2725","sansforgetica, word, president, Sure word, 1252","sansforgetica, word, travel, Sure word, 1438","sansforgetica, word, poverty, Sure word, 1834","sansforgetica, non-word, coods, Probably word, 2380","sansforgetica, word, sight, Sure word, 1410","sansforgetica, non-word, outhough, Probably non-word, 2640","sansforgetica, non-word, countanging, Probably non-word, 2231","14","difficult to read","sansforgetica, non-word, producties, non-seen, proception, Sure not seen, 9975","sansforgetica, non-word, countanging, seen, countanging, Sure seen, 3252","sansforgetica, word, matter, seen, matter, Sure seen, 1773","sansforgetica, non-word, undernment, non-seen, underients, Probably not seen, 2970","sansforgetica, word, power, non-seen, poverty, Sure not seen, 2080","sansforgetica, word, length, seen, length, Sure seen, 1412","sansforgetica, non-word, outsing, non-seen, outhough, Sure not seen, 1762","sansforgetica, non-word, conferical, non-seen, conferation, Sure not seen, 2723","sansforgetica, word, carefully, seen, carefully, Sure seen, 1375","sansforgetica, non-word, coods, seen, coods, Sure seen, 1412","sansforgetica, non-word, cheneved, seen, cheneved, Sure seen, 1336","sansforgetica, word, coming, non-seen, comes, Probably not seen, 4406","sansforgetica, word, sight, seen, sight, Sure seen, 1099","sansforgetica, word, treated, non-seen, travel, Sure not seen, 1717","sansforgetica, non-word, algeres, seen, algeres, Sure seen, 1897","sansforgetica, word, meeting, non-seen, medical, Probably not seen, 2774","arial, non-word, moopected, Sure non-word, 5827","arial, non-word, legetation, Probably non-word, 1764","arial, word, mouth, Sure word, 1190","arial, word, along, Sure word, 945","arial, word, standards, Sure word, 915","arial, non-word, rescributed, Probably non-word, 2135","arial, non-word, melatisted, Sure non-word, 1321","arial, word, equal, Sure word, 1296","arial, non-word, absolets, Probably non-word, 1579","arial, word, appeal, Sure word, 2093","arial, non-word, considance, Sure non-word, 3106","arial, word, regarded, Sure word, 1341","arial, word, economic, Sure word, 1941","arial, non-word, thount, Probably non-word, 1817","arial, word, separate, Sure word, 1496","arial, non-word, aboup, Sure non-word, 2048","arial, word, advantage, Sure word, 1354","arial, word, couple, Sure word, 1533","arial, non-word, durprology, Probably non-word, 3140","arial, non-word, unwiliate, Probably non-word, 2629","14","ok","arial, non-word, aboup, seen, aboup, Sure seen, 2053","arial, word, along, seen, along, Sure seen, 1088","arial, word, series, non-seen, separate, Sure not seen, 3401","arial, non-word, moopected, seen, moopected, Sure seen, 1632","arial, word, appear, non-seen, appeal, Sure not seen, 3376","arial, non-word, unwiliate, seen, unwiliate, Sure seen, 1754","arial, non-word, resightered, non-seen, rescributed, Sure not seen, 2916","arial, word, standing, non-seen, standards, Sure not seen, 1548","arial, non-word, absturable, non-seen, absolets, Sure not seen, 1509","arial, word, economic, seen, economic, Sure seen, 1223","arial, word, regular, non-seen, regarded, Probably seen, 2684","arial, non-word, memall, non-seen, melatisted, Sure not seen, 2009","arial, word, advantage, seen, advantage, Sure seen, 1949","arial, non-word, dwayed, non-seen, durprology, Sure not seen, 3323","arial, non-word, thount, seen, thount, Sure seen, 1824","arial, word, couple, seen, couple, Sure seen, 1408","2260844","06-04-2019 22:12"
